<?xml version="1.0" encoding="UTF-8" standalone="yes"?>
<addon id="WASPACDC repository" name="WASPACDC repository" version="0.0.2" provider-name="WASPACDC">
	<extension point="xbmc.addon.repository" name="WASPACDC Add-on Repository">
		<info compressed="false">http://raw.github.com/WASPACDC/hmdsm.repository/master/addons.xml</info>
		<checksum>http://raw.github.com/WASPACDC/hmdsm.repository/master/addons.xml.md5</checksum>
		<datadir zip="true">http://raw.github.com/WASPACDC/hmdsm.repository/master/repo/</datadir>
	</extension>
	<extension point="xbmc.addon.metadata">
		<summary>WASPACDC Addon</summary>
		<description>Addon Description</description>
		<disclaimer></disclaimer>
		<platform>all</platform>
	</extension>
</addon>