<?xml version="1.0" encoding="UTF-8" standalone="yes"?>
<addon id="plugin.video.tvdasogra" name="TvdoBurro" version="1.0" provider-name="MikkM">
  <requires>
    <import addon="xbmc.python" version="2.1.0"/>
	<import addon="script.module.addon.common" />
  </requires>
  <extension point="xbmc.python.pluginsource" library="init.py">
        <provides>video</provides>
  </extension>
  <extension point="xbmc.addon.metadata">
    <summary lang="en">tvdasogra@gmail.com</summary>
    <description>http://tvdasogra.com</description>
	<platform>all</platform>
  </extension>
</addon>
